testcase,script,rep,returncode,runtime_seconds,wall_seconds,parsed_seconds,stdout_log,stderr_log
data_size_9.txt,local_greedy.py,1,0,1.9198326999999153,1.9198326999999153,,logs\data_size_9__local_greedy__rep1.out.txt,logs\data_size_9__local_greedy__rep1.err.txt
data_size_9.txt,local_greedy.py,2,0,1.8957642000000305,1.8957642000000305,,logs\data_size_9__local_greedy__rep2.out.txt,logs\data_size_9__local_greedy__rep2.err.txt
data_size_9.txt,local_greedy.py,3,0,1.8922154999995655,1.8922154999995655,,logs\data_size_9__local_greedy__rep3.out.txt,logs\data_size_9__local_greedy__rep3.err.txt
data_size_9.txt,local_greedy.py,4,0,1.891445300000214,1.891445300000214,,logs\data_size_9__local_greedy__rep4.out.txt,logs\data_size_9__local_greedy__rep4.err.txt
data_size_9.txt,local_greedy.py,5,0,1.8896763000002466,1.8896763000002466,,logs\data_size_9__local_greedy__rep5.out.txt,logs\data_size_9__local_greedy__rep5.err.txt
data_size_9.txt,multi_greedy.py,1,0,0.062443700000130775,0.062443700000130775,,logs\data_size_9__multi_greedy__rep1.out.txt,logs\data_size_9__multi_greedy__rep1.err.txt
data_size_9.txt,multi_greedy.py,2,0,0.048859799999718234,0.048859799999718234,,logs\data_size_9__multi_greedy__rep2.out.txt,logs\data_size_9__multi_greedy__rep2.err.txt
data_size_9.txt,multi_greedy.py,3,0,0.04756489999999758,0.04756489999999758,,logs\data_size_9__multi_greedy__rep3.out.txt,logs\data_size_9__multi_greedy__rep3.err.txt
data_size_9.txt,multi_greedy.py,4,0,0.047914400000081514,0.047914400000081514,,logs\data_size_9__multi_greedy__rep4.out.txt,logs\data_size_9__multi_greedy__rep4.err.txt
data_size_9.txt,multi_greedy.py,5,0,0.054008799999792245,0.054008799999792245,,logs\data_size_9__multi_greedy__rep5.out.txt,logs\data_size_9__multi_greedy__rep5.err.txt
data_size_10.txt,local_greedy.py,1,0,1.8888218999995843,1.8888218999995843,,logs\data_size_10__local_greedy__rep1.out.txt,logs\data_size_10__local_greedy__rep1.err.txt
data_size_10.txt,local_greedy.py,2,0,1.8900951999999052,1.8900951999999052,,logs\data_size_10__local_greedy__rep2.out.txt,logs\data_size_10__local_greedy__rep2.err.txt
data_size_10.txt,local_greedy.py,3,0,1.8890378999999484,1.8890378999999484,,logs\data_size_10__local_greedy__rep3.out.txt,logs\data_size_10__local_greedy__rep3.err.txt
data_size_10.txt,local_greedy.py,4,0,1.8891094000000521,1.8891094000000521,,logs\data_size_10__local_greedy__rep4.out.txt,logs\data_size_10__local_greedy__rep4.err.txt
data_size_10.txt,local_greedy.py,5,0,1.8886278999998467,1.8886278999998467,,logs\data_size_10__local_greedy__rep5.out.txt,logs\data_size_10__local_greedy__rep5.err.txt
data_size_10.txt,multi_greedy.py,1,0,0.05518610000035551,0.05518610000035551,,logs\data_size_10__multi_greedy__rep1.out.txt,logs\data_size_10__multi_greedy__rep1.err.txt
data_size_10.txt,multi_greedy.py,2,0,0.05733239999972284,0.05733239999972284,,logs\data_size_10__multi_greedy__rep2.out.txt,logs\data_size_10__multi_greedy__rep2.err.txt
data_size_10.txt,multi_greedy.py,3,0,0.055378099999870756,0.055378099999870756,,logs\data_size_10__multi_greedy__rep3.out.txt,logs\data_size_10__multi_greedy__rep3.err.txt
data_size_10.txt,multi_greedy.py,4,0,0.0577886999999464,0.0577886999999464,,logs\data_size_10__multi_greedy__rep4.out.txt,logs\data_size_10__multi_greedy__rep4.err.txt
data_size_10.txt,multi_greedy.py,5,0,0.05513759999985268,0.05513759999985268,,logs\data_size_10__multi_greedy__rep5.out.txt,logs\data_size_10__multi_greedy__rep5.err.txt
data_size_11.txt,local_greedy.py,1,0,1.8918672999998307,1.8918672999998307,,logs\data_size_11__local_greedy__rep1.out.txt,logs\data_size_11__local_greedy__rep1.err.txt
data_size_11.txt,local_greedy.py,2,0,1.8916386000000784,1.8916386000000784,,logs\data_size_11__local_greedy__rep2.out.txt,logs\data_size_11__local_greedy__rep2.err.txt
data_size_11.txt,local_greedy.py,3,0,1.887658999999985,1.887658999999985,,logs\data_size_11__local_greedy__rep3.out.txt,logs\data_size_11__local_greedy__rep3.err.txt
data_size_11.txt,local_greedy.py,4,0,1.8870757999998204,1.8870757999998204,,logs\data_size_11__local_greedy__rep4.out.txt,logs\data_size_11__local_greedy__rep4.err.txt
data_size_11.txt,local_greedy.py,5,0,1.8892593999999008,1.8892593999999008,,logs\data_size_11__local_greedy__rep5.out.txt,logs\data_size_11__local_greedy__rep5.err.txt
data_size_11.txt,multi_greedy.py,1,0,0.056637399999999616,0.056637399999999616,,logs\data_size_11__multi_greedy__rep1.out.txt,logs\data_size_11__multi_greedy__rep1.err.txt
data_size_11.txt,multi_greedy.py,2,0,0.05720359999986613,0.05720359999986613,,logs\data_size_11__multi_greedy__rep2.out.txt,logs\data_size_11__multi_greedy__rep2.err.txt
data_size_11.txt,multi_greedy.py,3,0,0.0593696999999338,0.0593696999999338,,logs\data_size_11__multi_greedy__rep3.out.txt,logs\data_size_11__multi_greedy__rep3.err.txt
data_size_11.txt,multi_greedy.py,4,0,0.06184880000000703,0.06184880000000703,,logs\data_size_11__multi_greedy__rep4.out.txt,logs\data_size_11__multi_greedy__rep4.err.txt
data_size_11.txt,multi_greedy.py,5,0,0.05875640000022031,0.05875640000022031,,logs\data_size_11__multi_greedy__rep5.out.txt,logs\data_size_11__multi_greedy__rep5.err.txt
data_size_12.txt,local_greedy.py,1,0,1.8876126999998633,1.8876126999998633,,logs\data_size_12__local_greedy__rep1.out.txt,logs\data_size_12__local_greedy__rep1.err.txt
data_size_12.txt,local_greedy.py,2,0,1.8869852000002538,1.8869852000002538,,logs\data_size_12__local_greedy__rep2.out.txt,logs\data_size_12__local_greedy__rep2.err.txt
data_size_12.txt,local_greedy.py,3,0,1.8888348999998925,1.8888348999998925,,logs\data_size_12__local_greedy__rep3.out.txt,logs\data_size_12__local_greedy__rep3.err.txt
data_size_12.txt,local_greedy.py,4,0,1.8939086999998835,1.8939086999998835,,logs\data_size_12__local_greedy__rep4.out.txt,logs\data_size_12__local_greedy__rep4.err.txt
data_size_12.txt,local_greedy.py,5,0,1.8912712999999712,1.8912712999999712,,logs\data_size_12__local_greedy__rep5.out.txt,logs\data_size_12__local_greedy__rep5.err.txt
data_size_12.txt,multi_greedy.py,1,0,0.052147400000194466,0.052147400000194466,,logs\data_size_12__multi_greedy__rep1.out.txt,logs\data_size_12__multi_greedy__rep1.err.txt
data_size_12.txt,multi_greedy.py,2,0,0.05261109999992186,0.05261109999992186,,logs\data_size_12__multi_greedy__rep2.out.txt,logs\data_size_12__multi_greedy__rep2.err.txt
data_size_12.txt,multi_greedy.py,3,0,0.05509840000013355,0.05509840000013355,,logs\data_size_12__multi_greedy__rep3.out.txt,logs\data_size_12__multi_greedy__rep3.err.txt
data_size_12.txt,multi_greedy.py,4,0,0.05545369999981631,0.05545369999981631,,logs\data_size_12__multi_greedy__rep4.out.txt,logs\data_size_12__multi_greedy__rep4.err.txt
data_size_12.txt,multi_greedy.py,5,0,0.055846199999905366,0.055846199999905366,,logs\data_size_12__multi_greedy__rep5.out.txt,logs\data_size_12__multi_greedy__rep5.err.txt
data_size_13.txt,local_greedy.py,1,0,1.889111800000137,1.889111800000137,,logs\data_size_13__local_greedy__rep1.out.txt,logs\data_size_13__local_greedy__rep1.err.txt
data_size_13.txt,local_greedy.py,2,0,1.8872206999999435,1.8872206999999435,,logs\data_size_13__local_greedy__rep2.out.txt,logs\data_size_13__local_greedy__rep2.err.txt
data_size_13.txt,local_greedy.py,3,0,1.887446600000203,1.887446600000203,,logs\data_size_13__local_greedy__rep3.out.txt,logs\data_size_13__local_greedy__rep3.err.txt
data_size_13.txt,local_greedy.py,4,0,1.8940225999999711,1.8940225999999711,,logs\data_size_13__local_greedy__rep4.out.txt,logs\data_size_13__local_greedy__rep4.err.txt
data_size_13.txt,local_greedy.py,5,0,1.8901876999998422,1.8901876999998422,,logs\data_size_13__local_greedy__rep5.out.txt,logs\data_size_13__local_greedy__rep5.err.txt
data_size_13.txt,multi_greedy.py,1,0,0.06700689999979659,0.06700689999979659,,logs\data_size_13__multi_greedy__rep1.out.txt,logs\data_size_13__multi_greedy__rep1.err.txt
data_size_13.txt,multi_greedy.py,2,0,0.061516000000210624,0.061516000000210624,,logs\data_size_13__multi_greedy__rep2.out.txt,logs\data_size_13__multi_greedy__rep2.err.txt
data_size_13.txt,multi_greedy.py,3,0,0.0582048000001123,0.0582048000001123,,logs\data_size_13__multi_greedy__rep3.out.txt,logs\data_size_13__multi_greedy__rep3.err.txt
data_size_13.txt,multi_greedy.py,4,0,0.05948600000010629,0.05948600000010629,,logs\data_size_13__multi_greedy__rep4.out.txt,logs\data_size_13__multi_greedy__rep4.err.txt
data_size_13.txt,multi_greedy.py,5,0,0.06004510000002483,0.06004510000002483,,logs\data_size_13__multi_greedy__rep5.out.txt,logs\data_size_13__multi_greedy__rep5.err.txt
data_size_14.txt,local_greedy.py,1,0,1.9043768999999884,1.9043768999999884,,logs\data_size_14__local_greedy__rep1.out.txt,logs\data_size_14__local_greedy__rep1.err.txt
data_size_14.txt,local_greedy.py,2,0,1.891420399999788,1.891420399999788,,logs\data_size_14__local_greedy__rep2.out.txt,logs\data_size_14__local_greedy__rep2.err.txt
data_size_14.txt,local_greedy.py,3,0,1.8898219000002427,1.8898219000002427,,logs\data_size_14__local_greedy__rep3.out.txt,logs\data_size_14__local_greedy__rep3.err.txt
data_size_14.txt,local_greedy.py,4,0,1.8872938999998041,1.8872938999998041,,logs\data_size_14__local_greedy__rep4.out.txt,logs\data_size_14__local_greedy__rep4.err.txt
data_size_14.txt,local_greedy.py,5,0,1.8889573999999811,1.8889573999999811,,logs\data_size_14__local_greedy__rep5.out.txt,logs\data_size_14__local_greedy__rep5.err.txt
data_size_14.txt,multi_greedy.py,1,0,0.06386179999981323,0.06386179999981323,,logs\data_size_14__multi_greedy__rep1.out.txt,logs\data_size_14__multi_greedy__rep1.err.txt
data_size_14.txt,multi_greedy.py,2,0,0.06019890000015948,0.06019890000015948,,logs\data_size_14__multi_greedy__rep2.out.txt,logs\data_size_14__multi_greedy__rep2.err.txt
data_size_14.txt,multi_greedy.py,3,0,0.0627187000000049,0.0627187000000049,,logs\data_size_14__multi_greedy__rep3.out.txt,logs\data_size_14__multi_greedy__rep3.err.txt
data_size_14.txt,multi_greedy.py,4,0,0.05944610000005923,0.05944610000005923,,logs\data_size_14__multi_greedy__rep4.out.txt,logs\data_size_14__multi_greedy__rep4.err.txt
data_size_14.txt,multi_greedy.py,5,0,0.06019770000011704,0.06019770000011704,,logs\data_size_14__multi_greedy__rep5.out.txt,logs\data_size_14__multi_greedy__rep5.err.txt
data_size_15.txt,local_greedy.py,1,0,1.8870906000001924,1.8870906000001924,,logs\data_size_15__local_greedy__rep1.out.txt,logs\data_size_15__local_greedy__rep1.err.txt
data_size_15.txt,local_greedy.py,2,0,1.8876768000000084,1.8876768000000084,,logs\data_size_15__local_greedy__rep2.out.txt,logs\data_size_15__local_greedy__rep2.err.txt
data_size_15.txt,local_greedy.py,3,0,1.8928072999997312,1.8928072999997312,,logs\data_size_15__local_greedy__rep3.out.txt,logs\data_size_15__local_greedy__rep3.err.txt
data_size_15.txt,local_greedy.py,4,0,1.8925749999998516,1.8925749999998516,,logs\data_size_15__local_greedy__rep4.out.txt,logs\data_size_15__local_greedy__rep4.err.txt
data_size_15.txt,local_greedy.py,5,0,1.8870167000000038,1.8870167000000038,,logs\data_size_15__local_greedy__rep5.out.txt,logs\data_size_15__local_greedy__rep5.err.txt
data_size_15.txt,multi_greedy.py,1,0,0.07282739999982368,0.07282739999982368,,logs\data_size_15__multi_greedy__rep1.out.txt,logs\data_size_15__multi_greedy__rep1.err.txt
data_size_15.txt,multi_greedy.py,2,0,0.06399510000028386,0.06399510000028386,,logs\data_size_15__multi_greedy__rep2.out.txt,logs\data_size_15__multi_greedy__rep2.err.txt
data_size_15.txt,multi_greedy.py,3,0,0.06805800000029194,0.06805800000029194,,logs\data_size_15__multi_greedy__rep3.out.txt,logs\data_size_15__multi_greedy__rep3.err.txt
data_size_15.txt,multi_greedy.py,4,0,0.06590079999978116,0.06590079999978116,,logs\data_size_15__multi_greedy__rep4.out.txt,logs\data_size_15__multi_greedy__rep4.err.txt
data_size_15.txt,multi_greedy.py,5,0,0.0643473999998605,0.0643473999998605,,logs\data_size_15__multi_greedy__rep5.out.txt,logs\data_size_15__multi_greedy__rep5.err.txt
data_size_20.txt,local_greedy.py,1,0,1.8916207000002032,1.8916207000002032,,logs\data_size_20__local_greedy__rep1.out.txt,logs\data_size_20__local_greedy__rep1.err.txt
data_size_20.txt,local_greedy.py,2,0,1.8881117999999333,1.8881117999999333,,logs\data_size_20__local_greedy__rep2.out.txt,logs\data_size_20__local_greedy__rep2.err.txt
data_size_20.txt,local_greedy.py,3,0,1.8942018000002463,1.8942018000002463,,logs\data_size_20__local_greedy__rep3.out.txt,logs\data_size_20__local_greedy__rep3.err.txt
data_size_20.txt,local_greedy.py,4,0,1.8886712999997144,1.8886712999997144,,logs\data_size_20__local_greedy__rep4.out.txt,logs\data_size_20__local_greedy__rep4.err.txt
data_size_20.txt,local_greedy.py,5,0,1.887298600000122,1.887298600000122,,logs\data_size_20__local_greedy__rep5.out.txt,logs\data_size_20__local_greedy__rep5.err.txt
data_size_20.txt,multi_greedy.py,1,0,0.06984579999971174,0.06984579999971174,,logs\data_size_20__multi_greedy__rep1.out.txt,logs\data_size_20__multi_greedy__rep1.err.txt
data_size_20.txt,multi_greedy.py,2,0,0.07053780000023835,0.07053780000023835,,logs\data_size_20__multi_greedy__rep2.out.txt,logs\data_size_20__multi_greedy__rep2.err.txt
data_size_20.txt,multi_greedy.py,3,0,0.06913779999968028,0.06913779999968028,,logs\data_size_20__multi_greedy__rep3.out.txt,logs\data_size_20__multi_greedy__rep3.err.txt
data_size_20.txt,multi_greedy.py,4,0,0.06931780000013532,0.06931780000013532,,logs\data_size_20__multi_greedy__rep4.out.txt,logs\data_size_20__multi_greedy__rep4.err.txt
data_size_20.txt,multi_greedy.py,5,0,0.07323809999979858,0.07323809999979858,,logs\data_size_20__multi_greedy__rep5.out.txt,logs\data_size_20__multi_greedy__rep5.err.txt
data_size_25.txt,local_greedy.py,1,0,1.8882705999999416,1.8882705999999416,,logs\data_size_25__local_greedy__rep1.out.txt,logs\data_size_25__local_greedy__rep1.err.txt
data_size_25.txt,local_greedy.py,2,0,1.8885635000001457,1.8885635000001457,,logs\data_size_25__local_greedy__rep2.out.txt,logs\data_size_25__local_greedy__rep2.err.txt
data_size_25.txt,local_greedy.py,3,0,1.887631500000225,1.887631500000225,,logs\data_size_25__local_greedy__rep3.out.txt,logs\data_size_25__local_greedy__rep3.err.txt
data_size_25.txt,local_greedy.py,4,0,1.891564600000038,1.891564600000038,,logs\data_size_25__local_greedy__rep4.out.txt,logs\data_size_25__local_greedy__rep4.err.txt
data_size_25.txt,local_greedy.py,5,0,1.895085999999992,1.895085999999992,,logs\data_size_25__local_greedy__rep5.out.txt,logs\data_size_25__local_greedy__rep5.err.txt
data_size_25.txt,multi_greedy.py,1,0,0.08832859999984066,0.08832859999984066,,logs\data_size_25__multi_greedy__rep1.out.txt,logs\data_size_25__multi_greedy__rep1.err.txt
data_size_25.txt,multi_greedy.py,2,0,0.0880486999999448,0.0880486999999448,,logs\data_size_25__multi_greedy__rep2.out.txt,logs\data_size_25__multi_greedy__rep2.err.txt
data_size_25.txt,multi_greedy.py,3,0,0.09960300000011557,0.09960300000011557,,logs\data_size_25__multi_greedy__rep3.out.txt,logs\data_size_25__multi_greedy__rep3.err.txt
data_size_25.txt,multi_greedy.py,4,0,0.08512100000007194,0.08512100000007194,,logs\data_size_25__multi_greedy__rep4.out.txt,logs\data_size_25__multi_greedy__rep4.err.txt
data_size_25.txt,multi_greedy.py,5,0,0.11228209999990213,0.11228209999990213,,logs\data_size_25__multi_greedy__rep5.out.txt,logs\data_size_25__multi_greedy__rep5.err.txt
data_size_50.txt,local_greedy.py,1,0,1.8902537000003576,1.8902537000003576,,logs\data_size_50__local_greedy__rep1.out.txt,logs\data_size_50__local_greedy__rep1.err.txt
data_size_50.txt,local_greedy.py,2,0,1.893730400000095,1.893730400000095,,logs\data_size_50__local_greedy__rep2.out.txt,logs\data_size_50__local_greedy__rep2.err.txt
data_size_50.txt,local_greedy.py,3,0,1.8901089000000866,1.8901089000000866,,logs\data_size_50__local_greedy__rep3.out.txt,logs\data_size_50__local_greedy__rep3.err.txt
data_size_50.txt,local_greedy.py,4,0,1.8912279999999555,1.8912279999999555,,logs\data_size_50__local_greedy__rep4.out.txt,logs\data_size_50__local_greedy__rep4.err.txt
data_size_50.txt,local_greedy.py,5,0,1.8895972000000256,1.8895972000000256,,logs\data_size_50__local_greedy__rep5.out.txt,logs\data_size_50__local_greedy__rep5.err.txt
data_size_50.txt,multi_greedy.py,1,0,0.21730440000010276,0.21730440000010276,,logs\data_size_50__multi_greedy__rep1.out.txt,logs\data_size_50__multi_greedy__rep1.err.txt
data_size_50.txt,multi_greedy.py,2,0,0.22560169999997015,0.22560169999997015,,logs\data_size_50__multi_greedy__rep2.out.txt,logs\data_size_50__multi_greedy__rep2.err.txt
data_size_50.txt,multi_greedy.py,3,0,0.22125400000004447,0.22125400000004447,,logs\data_size_50__multi_greedy__rep3.out.txt,logs\data_size_50__multi_greedy__rep3.err.txt
data_size_50.txt,multi_greedy.py,4,0,0.2145330999996986,0.2145330999996986,,logs\data_size_50__multi_greedy__rep4.out.txt,logs\data_size_50__multi_greedy__rep4.err.txt
data_size_50.txt,multi_greedy.py,5,0,0.212339300000167,0.212339300000167,,logs\data_size_50__multi_greedy__rep5.out.txt,logs\data_size_50__multi_greedy__rep5.err.txt
data_size_80.txt,local_greedy.py,1,0,1.8902055999997174,1.8902055999997174,,logs\data_size_80__local_greedy__rep1.out.txt,logs\data_size_80__local_greedy__rep1.err.txt
data_size_80.txt,local_greedy.py,2,0,1.888835299999755,1.888835299999755,,logs\data_size_80__local_greedy__rep2.out.txt,logs\data_size_80__local_greedy__rep2.err.txt
data_size_80.txt,local_greedy.py,3,0,1.8892508999997517,1.8892508999997517,,logs\data_size_80__local_greedy__rep3.out.txt,logs\data_size_80__local_greedy__rep3.err.txt
data_size_80.txt,local_greedy.py,4,0,1.8889500999998745,1.8889500999998745,,logs\data_size_80__local_greedy__rep4.out.txt,logs\data_size_80__local_greedy__rep4.err.txt
data_size_80.txt,local_greedy.py,5,0,1.8889677000001939,1.8889677000001939,,logs\data_size_80__local_greedy__rep5.out.txt,logs\data_size_80__local_greedy__rep5.err.txt
data_size_80.txt,multi_greedy.py,1,0,0.48910330000035174,0.48910330000035174,,logs\data_size_80__multi_greedy__rep1.out.txt,logs\data_size_80__multi_greedy__rep1.err.txt
data_size_80.txt,multi_greedy.py,2,0,0.4909542999998848,0.4909542999998848,,logs\data_size_80__multi_greedy__rep2.out.txt,logs\data_size_80__multi_greedy__rep2.err.txt
data_size_80.txt,multi_greedy.py,3,0,0.5003501000001052,0.5003501000001052,,logs\data_size_80__multi_greedy__rep3.out.txt,logs\data_size_80__multi_greedy__rep3.err.txt
data_size_80.txt,multi_greedy.py,4,0,0.48230100000000675,0.48230100000000675,,logs\data_size_80__multi_greedy__rep4.out.txt,logs\data_size_80__multi_greedy__rep4.err.txt
data_size_80.txt,multi_greedy.py,5,0,0.5011769999996432,0.5011769999996432,,logs\data_size_80__multi_greedy__rep5.out.txt,logs\data_size_80__multi_greedy__rep5.err.txt
data_size_100.txt,local_greedy.py,1,0,1.8902424000002611,1.8902424000002611,,logs\data_size_100__local_greedy__rep1.out.txt,logs\data_size_100__local_greedy__rep1.err.txt
data_size_100.txt,local_greedy.py,2,0,1.891932099999849,1.891932099999849,,logs\data_size_100__local_greedy__rep2.out.txt,logs\data_size_100__local_greedy__rep2.err.txt
data_size_100.txt,local_greedy.py,3,0,1.8898372999997264,1.8898372999997264,,logs\data_size_100__local_greedy__rep3.out.txt,logs\data_size_100__local_greedy__rep3.err.txt
data_size_100.txt,local_greedy.py,4,0,1.8933812000000216,1.8933812000000216,,logs\data_size_100__local_greedy__rep4.out.txt,logs\data_size_100__local_greedy__rep4.err.txt
data_size_100.txt,local_greedy.py,5,0,1.890343799999755,1.890343799999755,,logs\data_size_100__local_greedy__rep5.out.txt,logs\data_size_100__local_greedy__rep5.err.txt
data_size_100.txt,multi_greedy.py,1,0,0.7706146000000444,0.7706146000000444,,logs\data_size_100__multi_greedy__rep1.out.txt,logs\data_size_100__multi_greedy__rep1.err.txt
data_size_100.txt,multi_greedy.py,2,0,0.7507602999999108,0.7507602999999108,,logs\data_size_100__multi_greedy__rep2.out.txt,logs\data_size_100__multi_greedy__rep2.err.txt
data_size_100.txt,multi_greedy.py,3,0,0.7417884999999842,0.7417884999999842,,logs\data_size_100__multi_greedy__rep3.out.txt,logs\data_size_100__multi_greedy__rep3.err.txt
data_size_100.txt,multi_greedy.py,4,0,0.7663753000001634,0.7663753000001634,,logs\data_size_100__multi_greedy__rep4.out.txt,logs\data_size_100__multi_greedy__rep4.err.txt
data_size_100.txt,multi_greedy.py,5,0,0.7458873000000494,0.7458873000000494,,logs\data_size_100__multi_greedy__rep5.out.txt,logs\data_size_100__multi_greedy__rep5.err.txt
